{
  "optimal_x_cell": 14.816565582504367,
  "optimal_yz_cell": 24.99961066449453,
  "optimal_surface_area": 24126.7265625,
  "recommended_inlet_velocity": 2680.904522613065,
  "expected_avg_velocity": 574.7372436523438,
  "expected_pressure_drop": 6332.61767578125,
  "feasible_velocity_range": {
    "min": 2500.0,
    "max": 2861.809045226131,
    "count": 73
  },
  "optimization_method": "Differential Evolution"
}